repo_name,repo_full_name,Software Title,Description
donl_d7,dataoverheid/donl_d7,Donl_d7,https://data.overheid.nl Drupal 7 project
ckanext-donl,dataoverheid/ckanext-donl,ckanext-donl,Dit is Indicia's CKAN-extensie voor data.overheid.nl
ckan_settings,dataoverheid/ckan_settings,ckan_settings,"To be clear, generate a new secret-string in who.ini if you use this code."
donl_ngr,dataoverheid/donl_ngr,Download Composer,Run this in your terminal to get the latest Composer version:
donl_cbs,dataoverheid/donl_cbs,donl_cbs,De CBS import gebruikt binnen data.overheid.nl
donl_dpf,dataoverheid/donl_dpf,donl_dpf,De DPF import gebruikt binnen data.overheid.nl
DCAT-AP-NL,dataoverheid/DCAT-AP-NL,DCAT-AP-NL: DCAT Applicatieprofiel voor Nederland,"Deze github repository wordt gebruikt voor het bijhouden van DCAT-AP-NL. Het bevat de meest actuele redactieversie, inclusief specifieke gepubliceerde versies."
ckanext-dataoverheid,dataoverheid/ckanext-dataoverheid,ckanext-dataoverheid,CKAN extension used by [Data.Overheid.nl](https://data.overheid.nl) to implement the [DCAT-AP-DONL 1.1](https://dcat-ap-donl.readthedocs.io) metadata standard into CKAN.
dcat-ap-donl-waardelijsten,dataoverheid/dcat-ap-donl-waardelijsten,waardelijsten.dcat-ap-donl.nl,
ckan-metadata-export,dataoverheid/ckan-metadata-export,CKAN Metadata Export,
donlsync-mappings,dataoverheid/donlsync-mappings,DataOverheid / DonlSync mappings,
donlsync,dataoverheid/donlsync,Data.Overheid.nl synchronization,Synchronizes external catalogs with the [data.overheid.nl](https://data.overheid.nl) catalog.
solr-configsets,dataoverheid/solr-configsets,Solr Configsets,
solr-index-tasks,dataoverheid/solr-index-tasks,Solr Index Tasks,
drupal-web,dataoverheid/drupal-web,Data.overheid Drupal,This repository contains the Drupal installation which is used for
dcat-ap-donl,dataoverheid/dcat-ap-donl,Data.Overheid.nl / DCAT-AP-DONL,Deze repository is onderdeel van [data.overheid.nl](https://data.overheid.nl). Het ondersteunt de activiteiten van de
usagov.github.io,usagov/usagov.github.io,A Simple Redirect,"This usagov.github.io repo contains a single html file that will send visitors to http://usagov.github.io along to [USA.gov's Developer Resources Page](http://www.usa.gov/developer ""Developer Resources on USA.gov"")."
webforms,usagov/webforms,Combined repository for the Feedback and Orderform applications.,
usa.gov,usagov/usa.gov,USA.gov & GobiernoUSA.gov Feedback,The goal of this feedback repository is to facilitate a conversation about how to improve the USA.gov and GobiernoUSA.gov beta websites. Source code will not be located here (although we‚Äôre exploring putting more of our code out on GitHub).
Corporate-Consumer-Contact-API-Documentation,usagov/Corporate-Consumer-Contact-API-Documentation,"NOTE: This API has been deprecated and is no longer active.  For a list of active GSA APIs, please visit [https://open.gsa.gov/api/](https://open.gsa.gov/api/).",Corporate Consumer Contact API Documentation
Federal-Agency-Directory-API-Documentation,usagov/Federal-Agency-Directory-API-Documentation,"NOTE: This API has been deprecated and is no longer active.  For a list of active GSA APIs, please visit [https://open.gsa.gov/api/](https://open.gsa.gov/api/).",Federal Agency Directory API Documentation
Federal-Mobile-Product-API-Documentation,usagov/Federal-Mobile-Product-API-Documentation,Federal Mobile Product API Documentation,"The Federal Mobile Product API has been replaced by the U.S. Digital Registry API which serves as the authoritative resource for agencies, citizens and developers to confirm the official status of social media and public-facing collaboration accounts, mobile apps and mobile websites."
1.USA.gov-Data,usagov/1.USA.gov-Data,1.USA.gov Data,"We recently performed an evaluation on 1.USA.gov and found that the number of people who use the service is declining, and there is not strong support to continue the service.    As a result, we have decided to  deactivate the service on June 30, 2016.  You can read more about this decision on the [USAGov Blog](https://blog.usa.gov/decommissioning-1-usa-gov)."
Social-Media-Registry-API-Documentation,usagov/Social-Media-Registry-API-Documentation,Social Media Registry API Documentation,"The Social Media Registry API has been replaced by the U.S. Digital Registry API which serves as the authoritative resource for agencies, citizens and developers to confirm the official status of social media and public-facing collaboration accounts, mobile apps and mobile websites."
vote-2016,usagov/vote-2016,Vote 2016,"To get the SASS working, run `sass --watch assets/stylesheets/sass:assets/stylesheets/output` from the project directory."
explore,usagov/explore,explore,
vote-gov,usagov/vote-gov,Vote.gov,This repository contains the files and infrastructure to run the `vote.gov`
USAGov-Platform-API-Documentation,usagov/USAGov-Platform-API-Documentation,USAGov Platform API Documentation,"To see the full API reference, please see our [wiki page](https://github.com/usagov/USAGov-Platform-API-Documentation/wiki)."
vote-gov-static,usagov/vote-gov-static,Vote.gov - Generated HTML Version,This repositorary contains the generated HTML and related assets required to host Vote.gov in the [Federalist platform](https://federalist.18f.gov/).  Any changes to the site should be requested through the main [Vote.gov repositorary](https://github.com/18F/vote-gov).
Sandbox,usagov/Sandbox,Sandbox,"The goal of the sandbox project is to enable teams from across the division to take a new approach to providing government information and services to the public.  The team decided to focus on helping scam victims, as that is a common topic on both our websites and our contact center.  By the end of FY18, the team hopes to develop takeaways from our research that we can use to improve the public‚Äôs experience when they need to report a scam. We hope to look at solutions based around AI, harnessing data, and coordinating with our contact center."
dns,usagov/dns,TTS DNS configuration,"This repository holds the source code for configuring DNS for domains managed by GSA TTS, including 18F and the Presidential Innovation Fellows."
usagov-analytics-dashboard,usagov/usagov-analytics-dashboard,[![Code Climate](https://codeclimate.com/github/18F/analytics.usa.gov/badges/gpa.svg)](https://codeclimate.com/github/18F/analytics.usa.gov)  [![CircleCI](https://circleci.com/gh/18F/analytics.usa.gov.svg?style=shield)](https://circleci.com/gh/18F/analytics.usa.gov)  [![Dependency Status](https://gemnasium.com/badges/github.com/18F/analytics.usa.gov.svg)](https://gemnasium.com/github.com/18F/analytics.usa.gov),A project to publish website analytics for the US federal government.
usagov-prototype,usagov/usagov-prototype,<!--,Federalist recommends you use Continuous Integration to automatically test
usagov-2021,usagov/usagov-2021,USAgov 2021,A revamped USA.gov site using Drupal 10 and Cloud Foundry
usagov-elected-officials,usagov/usagov-elected-officials,USA.gov Elected Officials Project,Find useful information about your elected officials by typing in your address.
pangolin,usagov/pangolin,Pangolin,The home for work towards a TTS Future Public Service
test-at-home,usagov/test-at-home,Test At Home,Project Status :warning: :rotating_light:
go-sunset,usagov/go-sunset,go-sunset,A landing page for the service Go.USA.gov sunset.
vote-gov-drupal,usagov/vote-gov-drupal,Vote.gov Drupal 10 installation,NOTE: Lando requires a specific version of docker which is loaded as part of the lando package. Do not update docker separate from lando. When you update lando docker will be updated as well.
vote-gov-nvrf-app,usagov/vote-gov-nvrf-app,vote-gov-nvrf-app,2. run command ```npm i```
vote-gov-tf,usagov/vote-gov-tf,Cloud.gov Drupal Infrastructure,- [Web Application Firewall](applications/nginx-waf/README.md)
voice-alexa,usagov/voice-alexa,voice-alexa,
voice-cms,usagov/voice-cms,voice-cms,
voice-drupal,usagov/voice-drupal,voice-drupal,
usagov-logshipper,usagov/usagov-logshipper,USAGOV Logshipper,This repo contains USAGov-specific configuration for the https://github.com/gsa-tts/cg-logshipper.
cg-logshipper,usagov/cg-logshipper,cg-logshipper,Drain logs from cloud.gov into S3 and New Relic Logs
container-cypress-test,usagov/container-cypress-test,Cypress Container Test Repo,> The work done within this repo are proof of concept and should be used as a starting point for future work.
api_proxy_poc,usagov/api_proxy_poc,API Proxy for Cloud.gov,"This project is a **Flask-based API Proxy** designed to securely **relay API requests** while **hiding API credentials** from users. It enables a **test client** to send API queries via the proxy, ensuring credentials remain **server-side only, meaning, ONLY on the api-proxy buildpack, NOT the client-test, it NEVER has credentials**."
usagov-chatbot-pipeline,usagov/usagov-chatbot-pipeline,A pipeline for importing USA.gov static html into a local-only LLM,USAgov has created a small team to implement a proof of concept application for a USAgov-specific chatbot.
dataviz-gallery,opencode18/dataviz-gallery,Data Visualization Gallery,Collection of Cool Data Visualizations
opencode18,opencode18/opencode18,OpenCode'18,"Opencode is an open source event aimed to raise awareness about open source. It is a month long event where participants contribute to different projects and earn points simultaneously. A minified version of GSOC, OpenCode is organised by the FOSS wing of IIIT-Allahabad's technical society, Geekhaven."
OpenNews,opencode18/OpenNews,OpenNews,"<img src=""screenshots/logo.png"" width = ""400"" height= ""300"">"
Resources,opencode18/Resources,Welcome,Beginner? Do not worry you have came to the correct place.
OpenCode-Collaborative,opencode18/OpenCode-Collaborative,OpenCode Collaborative Website,"This event is over as of 10 Feb 2018, No new pr's will be merged (except score updates till next 24 hours). Thank you for participating and showing interest in OpenCode'18 and OpenSource."
CodeStash,opencode18/CodeStash,![Logo](assets/logo.png),CodeStash is a project under Opencode'18. On each day  after 12AM we will be adding the problem as an issue and the participants will have to solve the problem (any language) and in the PullRequest mention the link of the online judge so that we can verify your submissions.First person to solve the problem will be awarded 20 points and the rest submissions will be awarded 10 points.
ProDesigner,opencode18/ProDesigner,ProDesigner,-  [Created by Vishal Pani](https://codepen.io/falconis/pen/BJVbPo)
HackerSkills,opencode18/HackerSkills,HackerSkills,
OpenTerm,opencode18/OpenTerm,OpenTerm,OpenTerm is a web based terminal app where you can try different terminal commands
X-labs,opencode18/X-labs,X-labs,
mediawiki-etalab-skin,etalab/mediawiki-etalab-skin,Mediawiki ETALAB Skin,MediaWiki skin for ETALAB
etalab-assets,etalab/etalab-assets,ETALAB common assets,"ETALAB Shared assets (style, fonts, favicon...)"
etalab-assets-demo-images,etalab/etalab-assets-demo-images,etalab-assets-demo-images,Etalab assets demo only images
Data-Fundamentals,etalab/Data-Fundamentals,Avancement de la traduction,"Pour suivre l'avancement de la traduction et la rejoindre, indiquez le cours sur lequel vous travaillez sur le tableau de bord √† l'adresse suivante :"
landing-page,etalab/landing-page,landing-page,
udata-gouvfr,etalab/udata-gouvfr,udata-gouvfr,**Note: This project is not maintained anymore. Consider using [udata-front](https://github.com/etalab/udata-front) as an alternative.**
ban-geocode,etalab/ban-geocode,BANO for Elasticsearch,This is a set of tools to index and search BANO data in Elasticsearch.
deleted-datasets-schema,etalab/deleted-datasets-schema,Sch√©ma d'un jeu de donn√©es supprim√©,Un sch√©ma de description de jeux de donn√©es supprim√©s d'une plateforme d'h√©bergement.
ban-data,etalab/ban-data,A compl√©ter...,"- postgresql 9.3 + PostGIS + extensions unaccent, fuzzystrmatch et trgm"
geozones,etalab/geozones,GeoZones,"_Pour une documentation relative aux niveaux administratifs fran√ßais, veuillez consulter le fichier [LISEZMOI.md](LISEZMOI.md)._"
croquemort,etalab/croquemort,Croquemort,"The aim of this project is to provide a way to check HTTP resources: hunting 404s, updating redirections and so on."
GitLegistique.jl,etalab/GitLegistique.jl,GitLegistique,"Convert Git diffs of French law (in Markdown format) to legislative drafting (""l√©gistique"" in French)."
codes-juridiques-francais,etalab/codes-juridiques-francais,Codes juridiques fran√ßais,- [Codes en vigueur](codes-en-vigueur)
lois-non-codifiees-et-reglements-francais,etalab/lois-non-codifiees-et-reglements-francais,Lois non codifi√©es et r√®glements fran√ßais,
plan-ogp-2015-2017,etalab/plan-ogp-2015-2017,Pour une action publique transparente et collaborative¬†: plan d'action national pour la France 2015-2017,"Ce projet est une version au format GitBook du plan d'action pour la France 2015-2017, √©labor√© dans le cadre du"
labels-and-roads,etalab/labels-and-roads,Labels and roads,A minimalist CartoCSS project to render labels and roads on top of satellite imagery.
cartocss-jurpol,etalab/cartocss-jurpol,JurPol cartocss,Projet CartoCSS pour le rendu de la couche justice/police
utilery-recipe-jurpol,etalab/utilery-recipe-jurpol,== utilery-recipe-jurpol,Recette des tuiles vectorielles Justice/Police pour utilery
apicarto,etalab/apicarto,‚ö†Ô∏è Ce service est abandonn√© ‚ö†Ô∏è,L'IGN a repris les d√©veloppements √† son compte. Plus d'information sur [leur site d√©di√©](https://apicarto.ign.fr).
HackFrancophonie,etalab/HackFrancophonie,Ce r√©pertoire :,- [R√©f√©rence dans un Wiki](https://github.com/etalab/HackFrancophonie/wiki) les jeux de donn√©es ouverts et portails pertinents pour les participants √† l'open data camp #HackFrancophonie
geologos,etalab/geologos,GeoLogos,Extract logos from @etalab/geozones‚Äô data for French towns.
osem,etalab/osem,[![Stories in Ready](https://badge.waffle.io/opensuse/osem.png?label=ready&title=Ready)](https://waffle.io/opensuse/osem),
couverture-urbanisme,etalab/couverture-urbanisme,Couverture API urbanisme,- `npm start` pour d√©velopper -> `localhost:8080/webpack-dev-server`
monuments-historiques,etalab/monuments-historiques,monuments-historiques,Construction de r√©f√©rentiels li√©s aux Monuments Historiques class√©s ou inscrits
collectivites.data.gouv.fr,etalab/collectivites.data.gouv.fr,collectivit√©s.data.gouv.fr,Prototype d'un portail d√©di√© aux collectivit√©s (et plus).
cartes.data.gouv.fr,etalab/cartes.data.gouv.fr,cartes.data.gouv.fr,Create a `umap` database in your PostgreSQL instance:
geoapi,etalab/geoapi,G√©oAPI,Interrogez les r√©f√©rentiels g√©ographiques plus facilement
geohisto,etalab/geohisto,‚ö†Ô∏è Not maintained anymore. See https://github.com/etalab/decoupage-administratif,"**Historic information for French regions, counties, overseas collectivities and towns based on INSEE and Wikipedia data, exported as (re)usable CSV files.**"
id.data.gouv.fr,etalab/id.data.gouv.fr,Single-Sign-On Authentication Provider,"This project is an <abbr title=""Single Sign-On"">SSO</abbr> Authentication"
geo.data.gouv.fr,etalab/geo.data.gouv.fr,geo.data.gouv.fr [![CircleCI](https://circleci.com/gh/etalab/geo.data.gouv.fr/tree/master.svg?style=svg)](https://circleci.com/gh/etalab/geo.data.gouv.fr/tree/master),> Trouvez facilement les donn√©es g√©ographiques dont vous avez besoin
urbaclic,etalab/urbaclic,UrbaClic,Librairie JS d'integration d'un widget de consultation du cadastre
optimouv,etalab/optimouv,Optimouv,Le logiciel Optimouv propose des solutions d‚Äôorganisation des comp√©titions par des choix du lieu de rencontres
retos-civicos,etalab/retos-civicos,Retos P√∫blicos,
sirene,etalab/sirene,Ulysse,The aim of that project is to ease and speed up the kick off when the
hackdash,etalab/hackdash,HackDash,Organize hackaton ideas into a dashboard
ofsearch,etalab/ofsearch,OFSearch,Data loader and search API for french training organizations.
organismes-formation,etalab/organismes-formation,organismes-formation,
docker-datagouv,etalab/docker-datagouv,Data.gouv.fr in Docker/Docker Compose,A sample docker-compose stack for Datagouv
urbaclic-next,etalab/urbaclic-next,Urbaclic,Acc√©der aux r√®gles d'urbanisme en quelques clics.
datagouv-funfacts,etalab/datagouv-funfacts,datagouv-funfacts,
secateur,etalab/secateur,Secateur,Dynamic CSV splitting based on columns‚Äô values.
blog.data.gouv.fr,etalab/blog.data.gouv.fr,blog.data.gouv.fr,Pelican blog for Data.gouv.fr
ogptoolbox,etalab/ogptoolbox,OGPToolbox-UI,Web user interface for the OGP Toolbox
sirene_as_api,etalab/sirene_as_api,‚ö† D√©pr√©cation de l'API & Avertissement concernant la s√©curit√© ‚ö†,Les d√©veloppements de la DINUM ont cess√© sur cette API.
sirene_as_api_ansible,etalab/sirene_as_api_ansible,SIRENE_as_API_ansible,Ce r√©pertoire ansible a pour but de vous permettre de d√©ployer une
speedtracker,etalab/speedtracker,"<img src=""https://speedtracker.org/assets/images/logo-full-square-inverted.png"" width=""300"">",*Visualisation layer and data store for SpeedTracker*
geoids,etalab/geoids,GeoIDs,üá¨üáß Consistent identifiers for geographical levels ‚Ä¢ üá´üá∑ Identifiants coh√©rents pour niveaux g√©ographiques
format-subventions,etalab/format-subventions,Format r√©glementaire pour la publication des donn√©es essentielles des conventions de subventions,Ce d√©p√¥t est destin√© √† accueillir :
Pathologies_allergiques,etalab/Pathologies_allergiques,Pathologies_allergiques,Petite √©tude sur les pathologies allergiques en France
osm-wms,etalab/osm-wms,Serveur WMS OpenStreetMap,* [imposm3](https://github.com/omniscale/imposm3) by omniscale - Apache Licence 2.0
piwik_logs,etalab/piwik_logs,Piwik Logs Analyzer,
quartiers-prioritaires,etalab/quartiers-prioritaires,Quartiers prioritaires,Script permettant de produire le fichier des quartiers prioritaires au format JSON.
transport-datatools-server,etalab/transport-datatools-server,Transit Data Manager,The core application for Conveyal's transit data tools suite.
catalogue_ui,etalab/catalogue_ui,MigrationProject,This project was generated with [angular-cli](https://github.com/angular/angular-cli) version 1.0.0-beta.16.
gpu-jpeg2k,etalab/gpu-jpeg2k,gpu-jpeg2k,See http://apps.man.poznan.pl/trac/jpeg2k/wiki for a description of the project.
transport-datatools-ui,etalab/transport-datatools-ui,datatools-ui,The core application for Conveyal's transit data tools suite.
user-research,etalab/user-research,Recherche utilisateur,> üé§ Entretiens avec des utilisateurs et utilisatrices de [data.gouv.fr][datagouv] et de l'Open Data pour **aboutir √† une meilleure compr√©hension des usages** et pour **r√©duire les efforts de r√©utilisation des donn√©es**.
blog-eig2,etalab/blog-eig2,Ce d√©p√¥t contient le site et le blog du programme Entrepreneur,Les suggestions se font sur [le d√©p√¥t EIG](https://github.com/entrepreneur-interet-general/blog-eig2) et la publication se fait en
transport-site,etalab/transport-site,Transport,This is the repository of the [french National Access Point](https://transport.data.gouv.fr/) (NAP) for mobility data.
irve,etalab/irve,irve,Scripts de contr√¥le et agr√©gation des fichiers IRVE publi√©s sur data.gouv.fr
majic,etalab/majic,Donn√©es MAJIC,Scripts permettant d'extraire les donn√©es MAJIC au format NDJSON.
labonneboite,etalab/labonneboite,```,_       _                            _           _ _
calculette-impots-m-source-code,etalab/calculette-impots-m-source-code,Encoding,Les fichiers de code m sont transmis par la DGFiP en utilisant l'encoding latin1.
calculette-impots-m-language-parser,etalab/calculette-impots-m-language-parser,Parser du langage M,"Ce d√©p√¥t contient un ""[parser](https://fr.wiktionary.org/wiki/parser)"" du langage d√©di√© nomm√© ""M"" utilis√© par le code source de la [calculette des imp√¥ts sur les revenus](https://github.com/etalab/calculette-impots-m-source-code), ainsi que le code pars√©, au format json."
calculette-impots-exemples,etalab/calculette-impots-exemples,calculatrice-impots-exemples,Ce repository contient plusieurs applications bas√©es sur la calculatrice M de l'imp√¥t sur le revenu.
template.data.gouv.fr,etalab/template.data.gouv.fr,üöß Ce d√©p√¥t n‚Äôest plus maintenu et a √©t√© remplac√© par [template.incubateur.net](http://template.incubateur.net) üöß,"Template CSS pour *.beta.gouv.fr, doc.data.gouv.fr et compagnie."
transport-validator-python,etalab/transport-validator-python,Transport validator,
calendrier-lavent,etalab/calendrier-lavent,Le calendrier de l'avent de l'Open Data,"> Pas de data, pas de chocolat !"
doc.data.gouv.fr,etalab/doc.data.gouv.fr,Documentation de data.gouv.fr,"Ce d√©p√¥t correspond au contenu du site [doc.data.gouv.fr](https://doc.data.gouv.fr), site consacr√© √† la documentation de la plateforme [data.gouv.fr](https://data.gouv.fr)."
dfi,etalab/dfi,dfi,Outils permettant de manipuler les donn√©es de filiation des parcelles cadastrales
entreprise.api.gouv.fr,etalab/entreprise.api.gouv.fr,Projet archiv√©,Ce r√©pertoire est archiv√© au profit de https://github.com/etalab/admin_api_entreprise/
api-scpc,etalab/api-scpc,API SCPC,API permettant de g√©n√©rer un extrait de plan cadastral √† partir du service [cadastre.gouv.fr](https://www.cadastre.gouv.fr).
geo.data.gouv.fr-components,etalab/geo.data.gouv.fr-components,geo.data.gouv.fr-components,
prevair-experiment,etalab/prevair-experiment,prevair-experiment,API permettant de conna√Ætre les pr√©visions de concentration dans l'air de 4 polluants atmosph√©riques :
prevair-demo,etalab/prevair-demo,prevair-experiment-ui,
transport-ops,etalab/transport-ops,transport-ops,Scripts and config files for provision and deploy transport and required services
comptes-collectivites,etalab/comptes-collectivites,Donn√©es de comptes des collectivit√©s,Scripts d'extraction et de remise en forme des donn√©es des comptes des collectivit√©s.
dotation-globale-fonctionnement,etalab/dotation-globale-fonctionnement,Script d'extraction de remise en forme des donn√©es des dotation globales de fonctionnement,Les donn√©es sont temporairement disponibles en t√©l√©chargement sur http://data.cquest.org/dgcl_dgf/ afin d'obtenir un retour de r√©utilisateurs potentiels.
watchdoge_apientreprise,etalab/watchdoge_apientreprise,README [![Build Status](https://travis-ci.org/etalab/watchdoge_apientreprise.svg?branch=master)](https://travis-ci.org/etalab/watchdoge_apientreprise) [![Maintainability](https://api.codeclimate.com/v1/badges/ea09b1d44917a172d01e/maintainability)](https://codeclimate.com/github/etalab/watchdoge_apientreprise/maintainability) [![Test Coverage](https://api.codeclimate.com/v1/badges/ea09b1d44917a172d01e/test_coverage)](https://codeclimate.com/github/etalab/watchdoge_apientreprise/test_coverage),[![Build Status](https://travis-ci.org/etalab/watchdoge_apientreprise.svg?branch=develop)](https://travis-ci.org/etalab/watchdoge_apientreprise) (develop branch)
dashboard_api_entreprise,etalab/dashboard_api_entreprise,Dashboard API Entreprise,Ce projet est d√©pr√©ci√©. Le dashboard fait maintenant partie int√©grante du projet [Admin API Entreprise](https://github.com/etalab/admin_api_entreprise).
transport-gtfs-lib,etalab/transport-gtfs-lib,gtfs-lib [![Build Status](https://travis-ci.org/conveyal/gtfs-lib.svg?branch=master)](https://travis-ci.org/conveyal/gtfs-lib),A library for loading and saving GTFS feeds of arbitrary size with disk-backed storage.
doc.entreprise.api.gouv.fr,etalab/doc.entreprise.api.gouv.fr,"<p align=""center"">","<img src=""https://raw.githubusercontent.com/lord/img/master/logo-slate.png"" alt=""Slate: API Documentation Generator"" width=""226"">"
piwik-covisits,etalab/piwik-covisits,Recommendations data.gouv.fr √† partir des visites Matomo,Ce d√©p√¥t permet de g√©n√©rer des recommendations sur data.gouv.fr √† l'aide du plugin [udata-recommendations](https://github.com/opendatateam/udata-recommendations). Les recommendations sont tir√©es des visites de data.gouv.fr [enregistr√©es par Matomo](https://stats.data.gouv.fr/index.php?module=CoreHome&action=index&idSite=109).
csvapi,etalab/csvapi,csvapi,"""Instantly"" publish an API for a CSV hosted anywhere on the internet. Also supports Excel files."
agd.data.gouv.fr,etalab/agd.data.gouv.fr,agd.data.gouv.fr,Le site de l'AGD.
udata-geoplatform,etalab/udata-geoplatform,‚ö†Ô∏è This repository is archived following the extinction of geo.data.gouv.fr.,Connects uData with Geoplatform (geo.data.gouv.fr)
template-jekyll,etalab/template-jekyll,Template Jekyll,Theme/Template beta/data.gouv.fr pour Jekyll
fridaylab,etalab/fridaylab,fridaylab,"Le *fridaylab*, c'est un moment ouvert √† tous le vendredi apr√®s-midi pour travailler ensemble en atelier."
wiki-data-gouv,etalab/wiki-data-gouv,Wiki(data)gouv,> Cr√©er des liens entre wikidata et datagouv.
monReseauMobile,etalab/monReseauMobile,monReseauMobile,Here we have the code of the french telecommunication regulator for the mobile services observatory.
jours-feries-france,etalab/jours-feries-france,[![Software License](https://img.shields.io/badge/License-MIT-orange.svg?style=flat-square)](https://github.com/etalab/jours-feries-france/blob/master/LICENSE.md),Cette librairie calcule les jours f√©ri√©s en France. Vous pouvez d√©couvrir plus de d√©tails sur les jours f√©ri√©s fran√ßais sur [service-public.fr](https://www.service-public.fr/particuliers/vosdroits/F2405).
rncs_worker_api_entreprise,etalab/rncs_worker_api_entreprise,Environment setup,Fichiers de donn√©es source
rna_as_api,etalab/rna_as_api,[![Build Status](https://travis-ci.org/etalab/rna_as_api.svg?branch=master)](https://travis-ci.org/etalab/rna_as_api),"Dans le cadre du [Service Public de la Donn√©e](https://www.data.gouv.fr/fr/reference), certains jeux de donn√©es sont devenus publics. C'est le cas du R√©pertoire National des Associations."
taxe-habitation,etalab/taxe-habitation,Taxe d'habitation 2017,Le code de la taxe d'habitation est produit par la **[Direction
etalab,etalab/etalab,üëã README,Bienvenue au sein de l'√©quipe Etalab. Tu trouveras dans cet espace les informations n√©cessaires √† ton arriv√©e. C'est un document ouvert et collaboratif. N'h√©site pas √† proposer des am√©liorations !
etalab.studio,etalab/etalab.studio,etalab.studio,Liste des projets dans le studio
cada_explore,etalab/cada_explore,cada_explore,Exploring the CADA dataset
project-legal,etalab/project-legal,@etalab/project-legal,> Projection de coordonn√©es WGS-84 vers le syst√®me l√©gal fran√ßais en vigueur
api-rpg,etalab/api-rpg,api-rpg,API permettant d'interroger les parcelles agricoles du R√©f√©rentiel Parcellaire Graphique
epci,etalab/epci,@etalab/epci,> API JavaScript permettant d'interroger la base des EPCI √† fiscalit√© propre
etalab.gouv.fr,etalab/etalab.gouv.fr,etalab.gouv.fr,
transpo-rt,etalab/transpo-rt,transpo-rt,Simple API for public transport realtime data.
api-codes-sources-fr,etalab/api-codes-sources-fr,[![CircleCI build status](https://img.shields.io/circleci/project/github/etalab/api-codes-sources-fr.svg?style=flat-square)](https://circleci.com/gh/etalab/api-codes-sources-fr),**Archiv√©** : ce d√©p√¥t est archiv√© et l'API n'est plus en place.
data-codes-sources-fr,etalab/data-codes-sources-fr,[![CircleCI build status](https://img.shields.io/circleci/project/github/etalab/data-codes-sources-fr.svg?style=flat-square)](https://circleci.com/gh/etalab/data-codes-sources-fr),**Archiv√©** : ce d√©p√¥t est archiv√© et l'API n'est plus en place.
data.etalab.studio,etalab/data.etalab.studio,‚ßä,This a [Lektor](https://www.getlektor.com/docs/) proof of concept for on open data static portal.
notebooks,etalab/notebooks,Workflow,"- git -> papermill -> [s3, commuter]"
autopsy,etalab/autopsy,Autopsy,Ce d√©p√¥t contient un ensemble de fichier de configuration docker permettant l'instanciation d'un service de consultation de notebooks python et l'automatisation p√©riodique d'ex√©cution de ces notebooks.
algorithmes-publics,etalab/algorithmes-publics,**Ce d√©p√¥t est archiv√©.**,"La plus grande partie de son contenu a √©t√© transf√©r√© sur [le d√©p√¥t des guides d'Etalab](https://github.com/etalab/guides.etalab.gouv.fr), auquel vous pouvez vous r√©f√©rer pour faire des commentaires, ouvrir des tickets ou proposer des contributions."
pseudononymizer,etalab/pseudononymizer,This project is no longer in development. It has been superseeded by https://github.com/etalab-ia/pseudo_api and https://github.com/etalab-ia/pseudo_app,A Simple Keras (UKP BiLSTM + CRF) pseudonymization REST 'API'
csv-gg,etalab/csv-gg,‚ö†Ô∏è **This tool has been integrated to https://github.com/etalab/publier.etalab.studio and is not supported anymore.**,This app dynamically generates a form based on a [TableSchema](https://frictionlessdata.io/specs/table-schema/) specification for a CSV file. It then uses a [Validata](https://git.opendatafrance.net/validata/) API to validate each row. The resulting CSV can be downloaded afterwards.
DVF-app,etalab/DVF-app,Explorer les donn√©es de DVF (Demandes de Valeur Fonci√®re),"La base de donn√©es DVF recense les mutations √† titre on√©reux (vente, vente en l'√©tat futur d'ach√®vement, vente terrain √† b√¢tir, √©change, adjudication, expropriation) advenues les 5 derni√®res ann√©es."
schema-irve,etalab/schema-irve,Infrastructures de recharge pour v√©hicules √©lectriques,Il existe deux sch√©mas relatifs aux donn√©es des points de recharge pour v√©hicules √©lectriques :
schema-decp-dpa,etalab/schema-decp-dpa,D√©claration des profils d'acheteur,> La d√©claration du profil d‚Äôacheteur est effectu√©e par l‚Äôacheteur ou toute personne habilit√©e par celui-ci sur le portail unique interminist√©riel (data.gouv.fr) destin√© √† rassembler et √† mettre √† disposition librement l‚Äôensemble des informations publiques.
stars_detective,etalab/stars_detective,stars_detective,Script to determine the proportion of datasets that comply with the [Tim Berners Lee 5-stars](https://5stardata.info/en/) system in the open data portal *data.gouv.fr* (dgf). In `output_files/` you can find a csv file containing the `dataset_id` and the number of stars for each dataset.
vuepress-theme-gouv-fr,etalab/vuepress-theme-gouv-fr,"[![npm](https://img.shields.io/npm/v/vuepress-theme-gouv-fr.svg?style=flat-square)](https://npmjs.org/package/vuepress-theme-gouv-fr ""View this project on npm"")","[![NPM](https://img.shields.io/npm/l/vuepress-theme-gouv-fr.svg?style=flat-square)](https://npmjs.org/package/vuepress-theme-gouv-fr ""View this project on npm"")"
vuepress-gouv-fr-demo,etalab/vuepress-gouv-fr-demo,---,
csv_detective_api,etalab/csv_detective_api,CSV Detective API and Frontend,"[CSV Detective](https://github.com/etalab/csv_detective) is a tool that gives you information about a CSV, such as its encoding and separator, as well as the type of columns contained inside: whether there are columns containing a SIRET or a SIREN number, a postal code, a department or a commune name, a geographic position, etc."
lieux-covoiturage,etalab/lieux-covoiturage,Sch√©ma des lieux de covoiturage,"Ce sch√©ma permet de mod√©liser des lieux pertinents (aires de covoiturage, parkings, d√©laiss√©s routiers, etc) pour commencer ou terminer un trajet en covoiturage. Ces lieux de covoiturage ne concernent que les offres qui permettent de stationner gratuitement. Les producteurs de donn√©es ne doivent r√©f√©rencer que les lieux de rencontre assurant la s√©curit√© de prise en charge des passagers, au regard notamment de leur accessibilit√© par voie pi√©tonne."
piaf-site,etalab/piaf-site,Jekyll Starter Tailwind,A starter kit for using [Tailwind](https://tailwindcss.com) with [Jekyll](https://jekyllrb.com/) that includes:
piaf,etalab/piaf,Important information,This project is no longer active and is now archived. Thank you for your contributions! You can find the product dataset at the following link: [https://huggingface.co/datasets/AgentPublic/piaf](https://huggingface.co/datasets/AgentPublic/piaf).
run-nb,etalab/run-nb,run-nb,"Basically [nbrun](https://github.com/tritemio/nbrun) with email reports. Run a notebook from the command line and get a report in your mailbox, shall it succeeds or fails. Every notebook run is saved both as `.ipynb` and `.html` on the local filesystem (and optionally `.pdf`)."
admin_api_entreprise,etalab/admin_api_entreprise,Site vitrine / backoffice de [API Entreprise](https://entreprise.api.gouv.fr) et [API Particulier](https://particulier.api.gouv.fr),
taxe-fonciere,etalab/taxe-fonciere,Taxe fonci√®re,Le code source des taxes fonci√®res est produit par la Direction
guide-des-licences-de-reutilisation,etalab/guide-des-licences-de-reutilisation,Guide des licences de r√©utilisation √† destination des administrations,Ce guide est publi√© par Etalab sous [licence Ouverte 2.0](LICENCE.txt).
zammad-contact-form,etalab/zammad-contact-form,zammad-contact-form,"`Z_TOKEN` env var should be set with a valid Zammad API token (permissions: `report`, `ticket.agent`)."
playlists,etalab/playlists,Playlists,üéß üòå üìä Cr√©er et partager simplement des listes de jeux de donn√©es
guides.etalab.gouv.fr,etalab/guides.etalab.gouv.fr,"<p align=""center"">",<i>üìö Les guides d'Etalab üìö</i>
design,etalab/design,Elements de design pour Etalab,"Voici un jet d'√©lements de design UI pour les plateformes, produits et services au sein d'Etalab."
hackathon_associations,etalab/hackathon_associations,Les donn√©es relatives aux associations de la r√©gion Pays de la Loire,"√Ä l'occasion du hackathon ""√Ä l‚ÄôAsso des donn√©es !"" co-organis√© par Etalab, Le Mouvement associatif, Latitudes et le Comite National de Liaison des R√©gies de Quartier, data.gouv.fr propose une s√©lection de jeux de donn√©es relative au monde associatif."
economiecirculaire,etalab/economiecirculaire,economie-circulaire,The website [economiecirculaire.etalab.studio](https://economiecirculaire.etalab.studio/) has been developed as a tool to allow users to easily access open data related to circular economy.
sill.etalab.gouv.fr,etalab/sill.etalab.gouv.fr,**CAUTION: This repository is archived.**,See <https://github.com/etalab/sill> for directions on how
LinkedWiki-Docker,etalab/LinkedWiki-Docker,LinkedWiki-Docker [![Docker Automated build](https://img.shields.io/docker/automated/antoinede/linked-wiki)](https://hub.docker.com/repository/docker/antoinede/linked-wiki),Dockerfile for wikimedia extension LinkedWiki. Available on [docker hub](https://hub.docker.com/repository/docker/antoinede/linked-wiki).
recherche.etalab.studio,etalab/recherche.etalab.studio,Recherche Etalab Studio,Une exp√©rimentation afin de rendre plus accessibles les jeux de donn√©es pour des personnes √† la recherche de donn√©es ouvertes.
schema-stationnement,etalab/schema-stationnement,Sch√©ma des lieux de stationnement,Ce sch√©ma permet de mod√©liser les stationnements en parcs publics et priv√©s √† usage public.
sill-contents,etalab/sill-contents,[![img](https://img.shields.io/badge/Licence-EPL-orange.svg?style=flat-square)](https://git.sr.ht/~etalab/sill-consolidate-data/blob/master/LICENSE),‚ÑπÔ∏è **This repository is now archived.**
schema-plf,etalab/schema-plf,Donn√©es du Projet de Loi de Finances (PLF),Ce [sch√©ma](schema.json) au format [Table Schema](https://frictionlessdata.io/specs/table-schema/) est une proposition pour la mise en forme des donn√©es du PLF disponible ici :  https://www.data.gouv.fr/fr/datasets/projet-de-loi-de-finances-pour-2018-plf-2018-donnees-du-plf-et-des-annexes-projet-annuel-de-performance-pap/
covid19-dashboard,etalab/covid19-dashboard,Ancien tableau de bord de suivi de l'√©pid√©mie de COVID-19,"Ce tableau de bord est le fruit d‚Äôune collaboration entre les membres du collectif [OpenCovid](https://github.com/opencovid19-fr) et le d√©partement Etalab de la Direction Interminist√©rielle du Num√©rique. Il a √©t√© mis en ligne le 28 mars 2020, afin de r√©pondre aux besoins d‚Äôinformation des citoyens et des citoyennes en mati√®re de transparence sur l‚Äô√©volution de l‚Äô√©pid√©mie de coronavirus en France."
de-dpe-processing,etalab/de-dpe-processing,Processing autour des donn√©es DPE,Ce repo a pour objectif de stocker l'ensemble des scripts et notebooks permettant le processing des donn√©es DPE :
de-quality-processing,etalab/de-quality-processing,Data Manufactory workflow,Prerequisite : a running Linkproxy
covid19-orientation,etalab/covid19-orientation,Application d'orientation COVID19,Ce d√©p√¥t contient l'application d'orientation COVID19 d√©velopp√© par la [Direction interminist√©rielle du num√©rique](https://www.numerique.gouv.fr/).
dashboard-aides-entreprises,etalab/dashboard-aides-entreprises,Dashboard Aides aux Entreprises,Un certain nombre d'op√©rations sont n√©cessaires pour faire fonctionner l'application. Ces op√©rations sont d√©crites [ici](scripts/README.md)
covid19-data,etalab/covid19-data,covid19-data,D√©p√¥t contenant les jeux de donn√©es produits par Etalab concernant l'√©pid√©mie de COVID-19
jours-feries-france-data,etalab/jours-feries-france-data,![Licences](https://img.shields.io/badge/Licences-MIT%2C%20Licence%20Ouverte-orange),[![CRON: build data files](https://github.com/etalab/jours-feries-france-data/actions/workflows/cron.yml/badge.svg)](https://github.com/etalab/jours-feries-france-data/actions/workflows/cron.yml)
calendrier.api.gouv.fr,etalab/calendrier.api.gouv.fr,![Licences](https://img.shields.io/badge/Licences-MIT%2C%20Licence%20Ouverte-orange),![CRON: build and deploy](https://github.com/etalab/calendrier.api.gouv.fr/workflows/CRON:%20build%20and%20deploy/badge.svg)
monitor-consolidation,etalab/monitor-consolidation,[![Update new data](https://github.com/etalab/monitor-consolidation/workflows/Update%20new%20data/badge.svg)](https://github.com/etalab/monitor-consolidation/actions?query=workflow%3A%22Update+new+data%22),"Calcule tous les jours des statistiques sur les jeux de donn√©es consolid√©s, √† l'aide de [validata-core](https://pypi.org/project/validata-core/) et de [schema.data.gouv.fr](https://schema.data.gouv.fr)."
infolettre-lab-ia,etalab/infolettre-lab-ia,L'infolettre du Lab IA est publi√©e par [Etalab](https://www.etalab.gouv.fr/).,Pour vous y inscrire¬†: <https://infolettres.etalab.gouv.fr/subscribe/lab-ia@mail.etalab.studio>
papillon,etalab/papillon,PAPILLON,`PAPILLON` est le *Portail Administratif des Plateformes Int√©grant des
de-resources-app-ui,etalab/de-resources-app-ui,Frontend pour explorer les ressources de datagouv.,
iris,etalab/iris,@etalab/iris,"Cha√Æne de traitement et API de g√©ocodage inverse pour associer un IRIS √† un triplet `latitude`, `longitude` et `codeCommune`."
noms-de-domaine-organismes-secteur-public,etalab/noms-de-domaine-organismes-secteur-public,‚ö†Ô∏è Ce d√©p√¥t est d√©sormais maintenu sur [la forge de l'ADULLACT](https://gitlab.adullact.net/dinum/noms-de-domaine-organismes-secteur-public).,Liste de noms de domaine de la sph√®re publique
datagouvfr-pages,etalab/datagouvfr-pages,datagouvfr-pages,Ce d√©p√¥t contient les fichiers qui alimentent [les pages inventaire du portail data.gouv.fr](https://www.data.gouv.fr/fr/pages/thematiques-a-la-une).
udata-schema-gouvfr,etalab/udata-schema-gouvfr,**‚ö†Ô∏è This repository is archived and functionnalities have been moved to https://github.com/etalab/udata-gouvfr/ (now moved to https://github.com/etalab/udata-front).**,This udata plugin provides an integration with [schema.data.gouv.fr](https://schema.data.gouv.fr)
csv-detective-ml,etalab/csv-detective-ml,CSV Detective with ML column types detection features,
pandoc-guides,etalab/pandoc-guides,PDF export for guides with Pandoc,Export [guides](https://github.com/etalab/guides.etalab.gouv.fr) from guides.etalab.gouv.fr to PDF.
datagouvfr-recommendations-edito,etalab/datagouvfr-recommendations-edito,Recommendations data.gouv.fr manuelles,Ce d√©p√¥t permet de d√©finir des recommendations manuellement sur data.gouv.fr √† l'aide du plugin [udata-recommendations](https://github.com/opendatateam/udata-recommendations).
schema-generic-template,etalab/schema-generic-template,Template de d√©part pour un sch√©ma g√©n√©rique,Ce d√©p√¥t contient les fichiers n√©cessaires pour d√©marrer la cr√©ation d'un d√©p√¥t d'un sch√©ma **g√©n√©rique** pour un r√©f√©rencement sur [schema.data.gouv.fr](https://schema.data.gouv.fr).
schema-bal,etalab/schema-bal,Sch√©ma Base Adresse Locale,"L‚Äôarticle 169 de la loi n¬∞ 2022-217 du 21 f√©vrier 2022 relative √† la diff√©renciation, la d√©centralisation, la d√©concentration et portant diverses mesures de simplification de l'action publique locale, dite loi 3DS, a confirm√© les communes comme seul acteur en capacit√© de produire une d√©nomination officielle des voies et lieux-dits et une num√©rotation des ¬´ maisons et autres constructions ¬ª sur le territoire communal. L‚Äôarticle indique √©galement que les communes doivent faire conna√Ætre ces informations aupr√®s de la Base Adresse Nationale et renvoie √† un d√©cret du Conseil d‚Äô√âtat."
amenagements-cyclables,etalab/amenagements-cyclables,Sch√©ma de donn√©es d'am√©nagements cyclables,Sch√©ma des am√©nagements cyclables.
annuaire-entreprises-sirene-api,etalab/annuaire-entreprises-sirene-api,Gestion de backend pour la base SIRENE Open Data,Ce repo a pour objectif de proposer une architecture simplifi√©e pour la mise en API de la base open data SIRENE de l'INSEE.
schema-hautes-remunerations,etalab/schema-hautes-remunerations,Schema des hautes r√©mun√©rations dans la fonction publique,Sp√©cification du fichier de d√©claration des dix r√©mun√©rations les plus √©lev√©es des agents publiques.
entraide.etalab.studio,etalab/entraide.etalab.studio,Entraide.etalab.studio,Cette application est une plateforme d'√©change et d'entraide pour les agents de la mission Etalab.
plan-de-relance,etalab/plan-de-relance,"Volet ""Utilisation de la donn√©e dans votre administration"" du Plan de Relance","Ce d√©p√¥t permet d'h√©berger des documents utiles aux agents publics souhaitant candidater √† l'appel √† projets ou au guichet [""Utilisation de la donn√©e dans votre administration""](https://france-relance.transformation.gouv.fr/96c0-developper-lutilisation-de-la-donnee-dans-vot) du Plan de Relance , dont:"
transport-community-contributions,etalab/transport-community-contributions,transport-community-contributions,"transport.data.gouv.fr provides some ""national"" databases that are managed by the platform team. Those databases are the result of many individual contributions, concatenated in a single file."
reports-aides-entreprises,etalab/reports-aides-entreprises,Aides aux entreprises - Rapports PDF,
radar-tech,etalab/radar-tech,Pr√©sentation RadarTech,RadarTech est un outil de d√©ploiement et d'exploitation de
transport-base-nationale-covoiturage,etalab/transport-base-nationale-covoiturage,Base nationale consolid√©e des lieux de covoiturage,Cette Base Nationale des Lieux de Covoiturage est r√©guli√®rement mise √† jour par l‚Äô√©quipe du [Point d‚Äôacc√®s national](https://transport.data.gouv.fr). Elle est r√©f√©renc√©e sur [data.gouv.fr](https://www.data.gouv.fr/fr/datasets/base-nationale-des-lieux-de-covoiturage/) et sur [transport.data.gouv.fr](https://transport.data.gouv.fr/datasets/base-nationale-des-lieux-de-covoiturage/).
radar-tech-frontend,etalab/radar-tech-frontend,radar-tech: frontend,"Nous proposons de consolider un questionnaire et de le soumettre aux milliers d'agents concern√©s via un site web d√©di√©, puis de produire une page avec les des r√©sultats obtenus. La DINUM ne souhaite par recourir √† des outils de sondage classique car elle vise uneaccessibilit√© maximale et une exp√©rience utilisateur propre √† ce site, tant pour les questionsque pour la pr√©sentation des r√©sultats."
aio-proxy,etalab/aio-proxy,aio-proxy,
schema-stationnement-cyclable,etalab/schema-stationnement-cyclable,Sch√©ma de donn√©es pour le stationnement cyclable,Ce sch√©ma permet de mod√©liser et d√©finir le stationnement cyclable sur le territoire national.
radar-tech-backend,etalab/radar-tech-backend,RadarTech : Backend,Ce projet est le **Backend** de l'application [RadarTech](https://github.com/etalab/radar-tech). La proc√©dure de d√©ploiement est disponible sur le d√©p√¥t principal de l'application.
schema-inclusion-numerique,etalab/schema-inclusion-numerique,Sch√©ma des lieux de l'inclusion num√©rique,"Ce sch√©ma permet de mod√©liser les lieux d'acc√®s au num√©rique sur tout le territoire. Ce sch√©ma a vocation √† alimenter un projet de cartographie national des lieux d'inclusion num√©rique. La cartographie Aidants Connect a pour but de permettre aux aidants professionnels d'orienter les publics vers les offres de m√©diation et de formation au num√©rique. [La version beta, en phase de construction, est accessible.](https://carto.aidantsconnect.beta.gouv.fr/). Tous les retours sont les bienvenus !"
barometre-resultats,etalab/barometre-resultats,Code source du Barom√®tre des r√©sultats de l‚Äôaction publique,Ce d√©p√¥t heberge le code source du [barom√®tre des r√©sultats de l‚Äôaction publique](https://barometre-resultats.data.gouv.fr/).
barometre-resultats-donnees,etalab/barometre-resultats-donnees,Donn√©es ouvertes du Barom√®tre des r√©sultats de l‚Äôaction publique,Ce d√©p√¥t heberge les donn√©es sur lesquelles est construit le [barom√®tre des r√©sultats de l‚Äôaction publique](https://barometre-resultats.data.gouv.fr/).
barometre-resultats-documentation,etalab/barometre-resultats-documentation,Documentation Open Data Barom√®tre des r√©sultats de l‚Äôaction publique de l'√âtat,"Le barom√®tre des r√©sultats de l‚Äôaction publique concr√©tise un engagement pr√©sidentiel fort et in√©dit sous la Ve R√©publique : la transparence des r√©sultats de l‚Äôaction publique. Il d√©montre √©galement la d√©termination du Gouvernement √† am√©liorer la vie quotidienne des citoyens dans chaque territoire, √† acc√©l√©rer la mise en ≈ìuvre des r√©formes et √† renforcer l‚Äô√©valuation de l‚Äôaction publique, gr√¢ce √† un pilotage par les r√©sultats et par la donn√©e."
covid19-dashboard-widgets,etalab/covid19-dashboard-widgets,How to integrate widgets,Widgets need two files in order to work : [app.css](https://widgets.dashboard.covid19.data.gouv.fr/css/app.css) and [app.js](https://widgets.dashboard.covid19.data.gouv.fr/js/app.js)
PRB0t,etalab/PRB0t,ü§ñ PRB0t,The Pull Request Bot for Anonymous contributions on GitHub!
radar-tech-form,etalab/radar-tech-form,Radar Tech Form,Contenu du formulaire √† publier via le projet [Radar Tech](http://github.com/etalab/radar-tech).
cra-envs-demo-app,etalab/cra-envs-demo-app,Demo setup for [cra-envs](https://github.com/garronej/cra-envs),"This is a ""hello world"" app to demonstrate how to set up [cra-envs](https://github.com/garronej/cra-envs)"
schema-sdirve,etalab/schema-sdirve,Sch√©ma directeur des Infrastructures de recharges pour v√©hicules √©lectriques,"Afin d‚Äôacc√©l√©rer le d√©ploiement des IRVE ouvertes au public et d‚Äôen assurer la coh√©rence territoriale, l‚Äôarticle 68 de la loi d‚Äôorientation des mobilit√©s pr√©voit la possibilit√©, pour les collectivit√©s ou √©tablissements publics, de r√©aliser un sch√©ma directeur de d√©veloppement des IRVE."
api-cadastre-bbox-feuilles,etalab/api-cadastre-bbox-feuilles,API Cadastre - recherche de feuilles par bbox,API de recherche des feuilles utilis√©e par JOSM.
statut.annuaire-entreprises.data.gouv.fr,etalab/statut.annuaire-entreprises.data.gouv.fr,üö• statut.annuaire-entreprises.data.gouv.fr,Bienvenue sur le tableau de bord des disponibilit√©s des API utilis√©es dans [l‚ÄôAnnuaire des Entreprises](https://annuaire-entreprises.data.gouv.fr)
data-covid19-dashboard-widgets,etalab/data-covid19-dashboard-widgets,Processing des donn√©es Covid,- R√©cup√©ration des donn√©es open data sur data.gouv
schema-comptage-mobilites-channel,etalab/schema-comptage-mobilites-channel,:warning: Ce sch√©ma n'est plus valable.,"Pour simplifier la lecture du sch√©ma des comptages des mobilit√©s, les trois sous-sch√©mas qui le composent : channel - site et measures ont √©t√© r√©unis dans un m√™me sch√©ma. Vous pouvez acc√©der au sch√©ma national de comptage des mobilit√©s ici : https://schema.data.gouv.fr/etalab/schema-comptage-mobilites/"
schema-comptage-mobilites-site,etalab/schema-comptage-mobilites-site,:warning: Ce sch√©ma n'est plus valable.,"Pour simplifier la lecture du sch√©ma des comptages des mobilit√©s, les trois sous-sch√©mas qui le composent : channel - site et measures ont √©t√© r√©unis dans un m√™me sch√©ma. Vous pouvez acc√©der au sch√©ma national de comptage des mobilit√©s ici : https://schema.data.gouv.fr/etalab/schema-comptage-mobilites/"
retool-onpremise,etalab/retool-onpremise,"<p align=""center"">","<a href=""https://retool.com/""><img src=""https://raw.githubusercontent.com/tryretool/brand-assets/master/Logos/logo-full-black.png"" alt=""Retool logo"" height=""100""></a> <br>"
statut.particulier.api.gouv.fr,etalab/statut.particulier.api.gouv.fr,Statuts API Particulier,
schema-zfe,etalab/schema-zfe,Sch√©ma de donn√©es pour les Zones √† Faibles Emissions,"Ce sch√©ma permet de mod√©liser les r√®gles de limitation de circulation sur une zone concernant diff√©rents types de v√©hicules (v√©hicules particuliers, utilitaires, poids lourds...). Il permet √©galement de pr√©ciser des exceptions sur certains axes routiers ou la Zone √† Faible Emission a des r√®gles diff√©rentes."
gbfs-carsharing-extension,etalab/gbfs-carsharing-extension,General Bikeshare Feed Specification,"Documentation for the General Bikeshare Feed Specification, a standardized data feed for shared mobility system availability."
transport-tools,etalab/transport-tools,What is this?,This repository contains a Docker setup to consolidate various converters and validators that we use or will use soon on [transport.data.gouv.fr](https://transport.data.gouv.fr):
schema-catalogue-donnees,etalab/schema-catalogue-donnees,Sch√©ma Catalogue de donn√©es,Sp√©cification du catalogue des donn√©es produites par une organisation.
schema-passage-a-niveau,etalab/schema-passage-a-niveau,Sch√©ma des passages √† niveau,"Ce sch√©ma permet de d√©crire les interactions entre le r√©seau ferroviaire, quel que soit son gestionnaire, et le r√©seau routier ouvert √† la circulation publique."
schema-vehicules-faibles-emissions-renouvellement-parc,etalab/schema-vehicules-faibles-emissions-renouvellement-parc,Part des v√©hicules √† faibles √©missions dans le renouvellement d'un parc,Sp√©cification du fichier d‚Äô√©change relatif aux donn√©es de renouvellement des parcs de v√©hicules et la part de v√©hicules √† faibles √©missions parmi eux.
transport-normes-site,etalab/transport-normes-site,transport-normes-site,Ce repo est le code Hugo permettant de d√©ployer le contenu de https://github.com/etalab/transport-normes en tant que site internet.
recherche-data-gouv-fr,etalab/recherche-data-gouv-fr,recherche-data-gouv-fr,
dag_schema_data_gouv_fr,etalab/dag_schema_data_gouv_fr,This repo is now included in [another repo](https://github.com/etalab/datagouvfr_data_pipelines),Ce repo h√©berge l'ensemble des scripts d'automatisation li√©s au sch√©ma de donn√©es sur schema.data.gouv.fr.
dashboard-widgets-template,etalab/dashboard-widgets-template,Cr√©er des widgets avec VueJS,Ce r√©pertoire contient un template pour construire et publier des widgets web avec VueJS.
schema-comptage-mobilites-measure,etalab/schema-comptage-mobilites-measure,:warning: Ce sch√©ma n'est plus valable.,"Pour simplifier la lecture du sch√©ma des comptages des mobilit√©s, les trois sous-sch√©mas qui le composent : channel - site et measures ont √©t√© r√©unis dans un m√™me sch√©ma. Vous pouvez acc√©der au sch√©ma national de comptage des mobilit√©s ici : https://schema.data.gouv.fr/etalab/schema-comptage-mobilites/"
transport-profil-netex-fr,etalab/transport-profil-netex-fr,Profil France de NeTEx,Cet espace de travail regroupe l'ensemble des √©l√©ments du profil France de NeTEx tel que publi√© sur le site : https://normes.transport.data.gouv.fr.
catalogage-donnees,etalab/catalogage-donnees,Outil de catalogage de donn√©es,Cet outil en cours de d√©veloppement permettra √† des organisations de g√©rer le catalogue des donn√©es qu'elles produisent.
api-infrastructure,etalab/api-infrastructure,Ansible Collection - etalab.api_infrastructure,This collection is currently used by the following projects:
schema-dispositif-aide,etalab/schema-dispositif-aide,Sch√©ma des dispositifs d'aides,"Ce sch√©ma de donn√©es permet de d√©finir un mod√®le permettant de sp√©cifier les dispositifs d'aides publiques sous leurs diff√©rentes formes, qu'il s'agisse d'aides financi√®res ou d'aides en ing√©nierie"
helm-charts-sill,etalab/helm-charts-sill,"<p align=""center"">","<i>Helm charts for testing the software of the <a href=""https://sill.etalab.gouv.fr"">SILL</a></i>"
ecto_interval,etalab/ecto_interval,EctoInterval,"Interval type for Ecto, currently only implemented for PostgreSQL, PR's to support others are welcome."
helm-charts,etalab/helm-charts,"<p align=""center"">","<i>Helm charts for software developed and/or used at <a href=""https://etalab.gouv.fr"">Etalab</a></i>"
create-react-app,etalab/create-react-app,Create React App [![Build Status](https://dev.azure.com/facebook/create-react-app/_apis/build/status/facebook.create-react-app?branchName=main)](https://dev.azure.com/facebook/create-react-app/_build/latest?definitionId=1&branchName=main) [![PRs Welcome](https://img.shields.io/badge/PRs-welcome-green.svg)](https://github.com/facebook/create-react-app/blob/main/CONTRIBUTING.md),"<img alt=""Logo"" align=""right"" src=""https://create-react-app.dev/img/logo.svg"" width=""20%"" />"
sill-csv,etalab/sill-csv,sill-csv,Source of truth of the SILL catalog
transport-qualite-des-donnees,etalab/transport-qualite-des-donnees,"Ce repository est une exp√©rimentation d'utilisation de Github pour faciliter la remont√©e et le suivi d'incidents sur les ressources publi√©es sur [transport.data.gouv.fr](https://transport.data.gouv.fr/)  (rapport de bugs par un r√©utilisateur, corrections par un producteur etc.).","Pour toute information, vous pouvez contacter l'√©quipe √† l'adresse : contact@transport.beta.gouv.fr"
schema-impact-service-public-numerique,etalab/schema-impact-service-public-numerique,Sch√©ma des¬†donn√©es¬†d‚Äôimpact d‚Äôun service public num√©rique,Contexte sur les donn√©es d‚Äôimpact des services publics num√©riques
udata-analysis-service,etalab/udata-analysis-service,udata-analysis-service,**‚ö†Ô∏è This repository is archived following the use of Webhooks instead of Kafka in udata.**
dag_automated_edito,etalab/dag_automated_edito,Automated Edito,Preparing pages with news about data.gouv.fr platform and tweet thread about new datasets and reuses
udata-event-service,etalab/udata-event-service,udata-event-service,**‚ö†Ô∏è This repository is archived following the use of Webhooks instead of Kafka in udata.**
udata-event-orchestration,etalab/udata-event-orchestration,**‚ö†Ô∏è This repository is archived following the use of Webhooks instead of Kafka in udata.**,cp config/.env.analysis.example config/.env.analysis # Make changes if you want
dag_inpi_data,etalab/dag_inpi_data,R√©cup√©ration des donn√©es INPI,DAG Airflow permettant de r√©cup√©rer les donn√©es INPI du jour pr√©c√©dent. Le DAG se connecte au FTP de l'INPI et sauvegarde les donn√©es sur une instance Minio.
programme10pourcent-site,etalab/programme10pourcent-site,Programme 10% - Site web,Site de pr√©sentation du programme 10%
dsfr,etalab/dsfr,Syst√®me de design de l‚Äô√âtat,"Le Syst√®me de design de l‚Äô√âtat (ci-apr√®s, le **DSFR**) est un ensemble de composants html / css / js ayant pour but de faciliter la vie des d√©veloppeurs et int√©grateurs pour b√¢tir leurs interfaces."
matchSIRET,etalab/matchSIRET,matchSIRET,"Ce d√©p√¥t propose un code pour cr√©er et alimenter un index Elasticsearch avec les donn√©es [base SIRENE de l'INSEE, apr√®s g√©olocalisation par Etalab](https://files.data.gouv.fr/geo-sirene/), ainsi que pour faire des recherches d'√©tablissements sur cet index Elasticsearch. Le d√©p√¥t comprend aussi une liste de quelques sources de donn√©es en open data comprenant des libell√©s d'entreprise"
programme10pourcent-socratext,etalab/programme10pourcent-socratext,Socratext: OCR et extraction d'informations de documents administratifs,Ce projet est d√©velopp√© dans le cadre du [programme 10%](https://10pourcent.etalab.studio/) pilot√© par Etalab.
flask-storage,etalab/flask-storage,Flask-Storage,Simple and easy file storages for Flask
catalogage-donnees-config,etalab/catalogage-donnees-config,`catalogage-donnees-config`,Ce r√©pertoire contient des fichiers de configuration relatifs √† l'instance de production de l'outil [catalogage-donnees](https://github.com/etalab/catalogage-donnees) en cours de d√©veloppement.
udata-event-consumer,etalab/udata-event-consumer,event-consumer,**‚ö†Ô∏è This repository is archived following the use of Webhooks instead of Kafka in udata.**
vector-test,etalab/vector-test,vector-test,Playground around vector and webserver logs.
schema-vehicules-faibles-emissions-renouvellement-parc-synthese,etalab/schema-vehicules-faibles-emissions-renouvellement-parc-synthese,"Part des v√©hicules √† faibles √©missions dans le renouvellement des parcs d‚Äôentreprises de location, location-vente, de cr√©dit-bail de v√©hicules, des plateformes de livraisons et des centrales de r√©servation de taxi et VTC","Sp√©cification du fichier d‚Äô√©change relatif aux parts de v√©hicules √† faibles √©missions dans les parcs de v√©hicules des entreprises de location, location-vente et cr√©dit-bail de v√©hicules, des plateformes de livraison, des centrales de r√©servation de taxi et de VTC."
prix-carburants-data,etalab/prix-carburants-data,Traitements des donn√©es prix des carburants,[Les donn√©es sources](https://www.data.gouv.fr/fr/datasets/prix-des-carburants-en-france-flux-instantane/) se trouvent sur data.gouv.fr
SIANCE,etalab/SIANCE,SIANCE,Archive of SIANCE project (May 2021 version)
etalab-website,etalab/etalab-website,"<p align=""center"">",
site-aic-v2,etalab/site-aic-v2,Site AIC - Acc√©l√©rateur d'initiatives citoyennes,Le code du site fonctionne √† travers deux branches : `master` et `prepod-v2`.
siade_staging_data,etalab/siade_staging_data,Donn√©es de tests API Entreprise v3+ & API Particulier / Utilisation de l'environnement de test,Ce d√©p√¥t contient l'ensemble des donn√©es de tests pour les environnements de bac
cachex,etalab/cachex,Cachex,[![Build Status](https://img.shields.io/github/actions/workflow/status/whitfin/cachex/ci.yml?branch=main)](https://github.com/whitfin/cachex/actions) [![Coverage Status](https://img.shields.io/coveralls/whitfin/cachex.svg)](https://coveralls.io/github/whitfin/cachex) [![Hex.pm Version](https://img.shields.io/hexpm/v/cachex.svg)](https://hex.pm/packages/cachex) [![Documentation](https://img.shields.io/badge/docs-latest-blue.svg)](https://hexdocs.pm/cachex/)
datagouv-dataeng-utils,etalab/datagouv-dataeng-utils,Data Gouv Data Engineering utils,functions for dataeng in data.gouv.fr team
schema-comptage-mobilites,etalab/schema-comptage-mobilites,Sch√©ma de donn√©es pour le comptage des mobilit√©s,Sp√©cifications du fichier d'√©change relatif aux comptages des mobilit√©s
schema-comptage-mobilites_test,etalab/schema-comptage-mobilites_test,Sch√©ma de donn√©es pour le comptage des mobilit√©s,Sp√©cifications du fichier d'√©change relatif aux comptages des mobilit√©s
schema-tiers-lieu,etalab/schema-tiers-lieu,Template de d√©part pour Table Schema,Ce d√©p√¥t contient les fichiers n√©cessaires pour d√©marrer la cr√©ation d'un d√©p√¥t pour un sch√©ma [Table Schema](https://specs.frictionlessdata.io/table-schema/).
schema-indice-reparabilite,etalab/schema-indice-reparabilite,R√©pertoire national de l‚Äôindice de r√©parabilit√©,"L‚Äôaffichage obligatoire d‚Äôun indice de r√©parabilit√© est institu√© par l‚Äôarticle 16 de la loi n¬∞ 2020-105 du 10 f√©vrier 2020 de lutte contre le gaspillage et pour l‚Äô√©conomie circulaire, pour les produits √©lectriques et √©lectroniques. En affichant une note sur 10, cet indice informe les consommateurs sur le caract√®re plus ou moins r√©parable des produits concern√©s. Il s‚Äôapplique depuis le 1er janvier 2021 aux smartphones, ordinateurs portables, t√©l√©viseurs, tondeuses √† gazon, et lave-linges hublot et depuis le 4 novembre 2022 aux lave-linges top, lave-vaisselles, aspirateurs, nettoyeurs haute-pression."
schema-indice-durabilite,etalab/schema-indice-durabilite,R√©pertoire national de l‚Äôindice de durabilit√©,"L‚Äôaffichage obligatoire d‚Äôun indice de durabilit√© est institu√© par l‚Äôarticle 16 de la loi n¬∞ 2020-105 du 10 f√©vrier 2020 de lutte contre le gaspillage et pour l‚Äô√©conomie circulaire, pour les produits √©lectriques et √©lectroniques. En affichant une note sur 10, cet indice informe les consommateurs sur le caract√®re plus ou moins durable des produits concern√©s en prenant en compte la r√©parabilit√© et la fiabilit√© des produits. Il s‚Äôapplique depuis le 5 janvier 2025 sur les t√©l√©viseurs et le 5 avril 2025 sur les lave-linges."
data_pass,etalab/data_pass,[![Continuous Deployment](https://github.com/etalab/data_pass/actions/workflows/continuous-deployment.yaml/badge.svg)](https://github.com/etalab/data_pass/actions/workflows/continuous-deployment.yaml),L'outil de gestion des habilitations juridiques pour les donn√©es √† acc√®s restreint.
transport-profil-siri-fr,etalab/transport-profil-siri-fr,Profil France de SIRI,Ce espace de travail regroupe l'ensemble des √©l√©ments du profil France de SIRI tel que publi√© sur le site : https://normes.transport.data.gouv.fr.
hackathon-dsn,etalab/hackathon-dsn,Hackathon DSN,D√©p√¥t pour le Hackathon DSN organis√© par la Direction interminist√©rielle du num√©rique.
formulaire-qf,etalab/formulaire-qf,README,"Pour l'API, consulter le [swagger](/docs/swagger.yaml)"
programme10pourcent-kallm,etalab/programme10pourcent-kallm,Projet KALLM : Kit avanc√© LLM,"Ce projet fait partie de la [troisi√®me saison du Programme 10%](https://10pct.datascience.etalab.studio/les-actualites/saison-3-programme-10/), co-port√© par la DINUM en association √©troite avec l'Insee."
hackathon-GenAI-for-Public-Good,etalab/hackathon-GenAI-for-Public-Good,Hackathon GenAI for Public Good ü§ñ,üìô **Retrouvez le Guide du participant en cliquant** [ici](https://alliance.numerique.gouv.fr/hackathon/participant-guide-fr/)
